{"cameraMode":{"drawMode":0,"name":"Shaded","section":"Shading Mode"},"sceneLighting":true,"audioPlay":false,"sceneViewState":{"m_AlwaysRefresh":false,"showFog":true,"showSkybox":true,"showFlares":true,"showImageEffects":true,"showParticleSystems":true,"showVisualEffectGraphs":true,"m_FxEnabled":true},"in2DMode":false,"pivot":{"x":4.6829023361206059,"y":2.1819839477539064,"z":9.034404754638672},"rotation":{"x":0.22701838612556458,"y":0.5259723663330078,"z":-0.14811304211616517,"w":0.8061361908912659},"size":17.893762588500978,"orthographic":true}