{"cameraMode":{"drawMode":0,"name":"Shaded","section":"Shading Mode"},"sceneLighting":true,"audioPlay":false,"sceneViewState":{"m_AlwaysRefresh":false,"showFog":true,"showSkybox":true,"showFlares":true,"showImageEffects":true,"showParticleSystems":true,"showVisualEffectGraphs":true,"m_FxEnabled":true},"in2DMode":false,"pivot":{"x":279.7689208984375,"y":335.06109619140627,"z":-96.22509765625},"rotation":{"x":0.035990096628665927,"y":-0.010197535157203675,"z":0.00036575316335074604,"w":0.999295711517334},"size":366.66363525390627,"orthographic":true}