{"cameraMode":{"drawMode":0,"name":"Shaded","section":"Shading Mode"},"sceneLighting":true,"audioPlay":false,"sceneViewState":{"m_AlwaysRefresh":false,"showFog":true,"showSkybox":true,"showFlares":true,"showImageEffects":true,"showParticleSystems":true,"showVisualEffectGraphs":true,"m_FxEnabled":true},"in2DMode":false,"pivot":{"x":252.82156372070313,"y":124.86382293701172,"z":-2.4089584350585939},"rotation":{"x":0.035990096628665927,"y":-0.010197535157203675,"z":0.00036575316335074604,"w":0.999295711517334},"size":56.5484733581543,"orthographic":true}